{
    
    "Cereal" : [
        {
            "image":"./../../assets/cereal/vkellog_fl.jpeg",
            "nama":"Cereal Froot Loops",
            "harga": 60000
        },
        {
            "image": "./../../assets/cereal/vkellog-sc.jpeg",
            "nama":"Cereal Strawberry",
            "harga": 54000
        },
        {
            "image":"./../../assets/cereal/vkellog-cf.jpeg",
            "nama":"Cereal Coco fils",
            "harga": 56000
        },
        {
            "image":"./../../assets/cereal/vkellog-hc.jpeg",
            "nama":"Cereal Honey Crunch",
            "harga": 48000
        },
        {
            "image":"./../../assets/cereal/vkellog-ff.jpeg",
            "nama":"Cereal Frosted Flakes",
            "harga":72000
        },
        {
            "image":"./../../assets/cereal/vkellog-rk.jpeg",
            "nama":"Cereal Rice Kripies",
            "harga":52000
        }
    ],
    "Recipe":[
        {
            "id":1,
            "image":"./../../assets/recipe/Rec_AMS.avif",
            "nama":"After School Muffins",
            "serve":"12 Servings",
            "ton":[
                "1/2 Teaspoon",
                "11/4 Cups",
                "1/2 Cups",
                "1 Teaspoon"
            ],
            "direction":[
                "1. Mixer semua bahan hingga tercampur rata",
                "2. Tuang ke dalam loyang yang telah diolesi margarin dan tepung terigu",
                "3. Panggang di oven selama 20-30 menit",
                "4. Angkat dan sajikan"
            ]
        },
        {
            "id":2,
            "image": "./../../assets/recipe/Rec_ACP.avif",
            "nama":"Almond Crunch Pudding",
            "serve":"6 Servings",
            "ton": [
                "1/2 Teaspoon",
                "11/4 Cups",
                "1/2 Cups",
                "1 Teaspoon"
            ],
            "direction":[
                "1. Mixer semua bahan hingga tercampur rata",
                "2. Tuang ke dalam loyang yang telah diolesi margarin dan tepung terigu",
                "3. Panggang di oven selama 20-30 menit",
                "4. Angkat dan sajikan"
            ]
        },
        {
            "id":3,
            "image":"./../../assets/recipe/Rec_AM.avif",
            "nama":"Almond Macarons",
            "serve":"18 Servings",
            "ton":[
                "1/2 Teaspoon",
                "11/4 Cups",
                "1/2 Cups",
                "1 Teaspoon"
            ],
            "direction":[
                "1. Mixer semua bahan hingga tercampur rata",
                "2. Tuang ke dalam loyang yang telah diolesi margarin dan tepung terigu",
                "3. Panggang di oven selama 20-30 menit",
                "4. Angkat dan sajikan"
            ]
        },
        {
            "id":4,
            "image":"./../../assets/recipe/Rec_AS.avif",
            "nama":"Almost S'mores",
            "serve":"1 Servings",
            "ton":[
                "1/2 Teaspoon"
            ],
            "direction":[
                "1. Mixer semua bahan hingga tercampur rata",
                "2. Tuang ke dalam loyang yang telah diolesi margarin dan tepung terigu",
                "3. Panggang di oven selama 20-30 menit",
                "4. Angkat dan sajikan"
            ]
        },
        {
            "id":5,
            "image":"./../../assets/recipe/Rec_AC.avif",
            "nama":"Apple Crisp",
            "serve":"8 Servings",
            "ton":[
                "1/2 Teaspoon",
                "11/4 Cups",
                "1/2 Cups",
                "1 Teaspoon"
            ],
            "direction":[
                "1. Mixer semua bahan hingga tercampur rata",
                "2. Tuang ke dalam loyang yang telah diolesi margarin dan tepung terigu",
                "3. Panggang di oven selama 20-30 menit",
                "4. Angkat dan sajikan"
            ]    
        },
        {
            "id":6,
            "image":"./../../assets/recipe/Rec_ACB.avif",
            "nama":"Apple Crisp Bowl",
            "serve":"1 Servings",        
            "ton":[
                "1/2 Teaspoon",
                "11/4 Cups",
                "1/2 Cups",
                "1 Teaspoon"
            ],
            "direction":[
                "1. Mixer semua bahan hingga tercampur rata",
                "2. Tuang ke dalam loyang yang telah diolesi margarin dan tepung terigu",
                "3. Panggang di oven selama 20-30 menit",
                "4. Angkat dan sajikan"
            ]    
        }
    ]
}